{
  "timestamp": "2025-04-09T14:02:23.708614",
  "organization": "Unknown",
  "url": "N/A",
  "result": {
    "analysis": "# Privacy Policy Analysis\n\n## Key Findings\n- The privacy policy lacks specific provisions for Indian users under the DPDP Act, 2023\n- No explicit mention of data principal rights under Section 11 of the DPDP Act\n- Cross-border data transfer mechanisms don't reference DPDP Act compliance\n- No specific provisions for handling children's data as required by Section 9 of the DPDP Act\n- Missing details about grievance redressal mechanism as per Section 13 of the DPDP Act\n\n## Compliance Gaps\n1. **Notice Requirements**: Policy doesn't fully meet the notice requirements under [Section 5](https://datainfa.com/dpdp-act/) of DPDP Act\n2. **Data Principal Rights**: No clear process for exercising rights under [Section 11](https://datainfa.com/dpdp-act/) (access, correction, erasure, etc.)\n3. **Children's Data**: No specific safeguards for children's data processing as required by [Section 9](https://datainfa.com/dpdp-act/)\n4. **Cross-border Transfers**: No mention of DPDP Act compliance for international data transfers\n5. **Grievance Redressal**: Missing details about grievance mechanism as per [Section 13](https://datainfa.com/dpdp-act/)\n6. **Data Protection Officer**: No specific mention of DPO for Indian operations\n\n## Recommendations\n1. Add specific sections addressing Indian users' rights under DPDP Act\n2. Implement clear processes for data principal rights exercise\n3. Include specific safeguards for children's data processing\n4. Update cross-border transfer language to reference DPDP Act compliance\n5. Add detailed grievance redressal mechanism information\n6. Designate and publish contact details of Data Protection Officer for India\n7. Include specific retention periods aligned with DPDP Act requirements\n8. Add language about Significant Data Fiduciary obligations if applicable\n\n## Detailed Analysis\n\n### 1. Policy Scope and Applicability\n**Found**: General privacy policy with some India-specific references but no DPDP-specific provisions  \n**Relevant Sections**: [Section 5](https://datainfa.com/dpdp-act/) (Notice requirements)  \n**Compliance Status**: Partial  \n**Recommendation**: Add dedicated India section addressing DPDP requirements\n\n### 2. Data Collection\n**Found**: Lists types of data collected but lacks specific consent mechanisms for India  \n**Relevant Sections**: [Section 6](https://datainfa.com/dpdp-act/) (Consent requirements)  \n**Compliance Status**: Non-compliant  \n**Recommendation**: Add explicit consent mechanisms for Indian users\n\n### 3. Data Principal Rights\n**Found**: Brief mention of access/correction but no detailed process  \n**Relevant Sections**: [Section 11](https://datainfa.com/dpdp-act/) (Rights of data principal)  \n**Compliance Status**: Non-compliant  \n**Recommendation**: Add detailed process for exercising rights with timelines\n\n### 4. Children's Data\n**Found**: General statement about not targeting children under 13  \n**Relevant Sections**: [Section 9](https://datainfa.com/dpdp-act/) (Processing children's data)  \n**Compliance Status**: Non-compliant  \n**Recommendation**: Add specific age verification and parental consent mechanisms\n\n### 5. Data Transfers\n**Found**: Mentions international transfers under EU SCCs  \n**Relevant Sections**: [Section 16](https://datainfa.com/dpdp-act/) (Cross-border transfers)  \n**Compliance Status**: Non-compliant  \n**Recommendation**: Add DPDP-compliant transfer mechanisms for India\n\n### 6. Security Measures\n**Found**: General security statements  \n**Relevant Sections**: [Section 8](https://datainfa.com/dpdp-act/) (Security safeguards)  \n**Compliance Status**: Partial  \n**Recommendation**: Add specific security measures aligned with DPDP requirements\n\n### 7. Breach Notification\n**Found**: No specific breach notification process  \n**Relevant Sections**: [Section 8(6)](https://datainfa.com/dpdp-act/) (Personal data breach)  \n**Compliance Status**: Non-compliant  \n**Recommendation**: Add breach notification process for Indian users\n\n### 8. Retention Policy\n**Found**: General retention principles  \n**Relevant Sections**: [Section 8](https://datainfa.com/dpdp-act/) (Storage limitation)  \n**Compliance Status**: Partial  \n**Recommendation**: Add specific retention periods for different data types\n\n### 9. Grievance Redressal\n**Found**: Contact email provided but no formal mechanism  \n**Relevant Sections**: [Section 13](https://datainfa.com/dpdp-act/) (Grievance redressal)  \n**Compliance Status**: Non-compliant  \n**Recommendation**: Add formal grievance mechanism with timelines\n\n### 10. Significant Data Fiduciary\n**Found**: No consideration of SDF status  \n**Relevant Sections**: [Section 10](https://datainfa.com/dpdp-act/) (Significant Data Fiduciary)  \n**Compliance Status**: Unknown  \n**Recommendation**: Assess SDF status and add obligations if applicable"
  }
}