{
  "timestamp": "2025-04-09T13:31:36.285951",
  "organization": "Unknown",
  "url": "N/A",
  "result": {
    "analysis": "# Summary  \nThe Informatica Privacy Policy is comprehensive and aligns with many global data protection standards (e.g., GDPR, CCPA). However, it lacks specific provisions required under India's **Digital Personal Data Protection Act, 2023 (DPDP Act)**. Key gaps include:  \n- Absence of explicit references to DPDP Act obligations (e.g., consent mechanisms, data principal rights, and grievance redressal for Indian users).  \n- Insufficient clarity on cross-border data transfers to India-specific requirements.  \n- No mention of **Consent Managers** or **Significant Data Fiduciary** obligations under the DPDP Act.  \n\n---\n\n# Privacy Policy Analysis  \n\n## Key Findings  \n1. **Lack of DPDP-Specific Consent Mechanisms**: The policy relies on GDPR-style \"legitimate interest\" and contractual bases but does not address DPDP\u2019s stricter consent requirements (Section 7, DPDP Act).  \n2. **No Explicit Reference to Indian Data Principals\u2019 Rights**: While the policy outlines rights for EU/UK/Brazil residents, it omits DPDP-specific rights (e.g., right to nominate, right to grievance redressal under Section 13).  \n3. **Cross-Border Data Transfers**: The policy mentions EU-US Data Privacy Framework but does not address DPDP\u2019s restrictions on transfers outside India (Section 14, DPDP Rules).  \n4. **Gaps in Breach Notification**: The policy describes breach procedures but does not align with DPDP\u2019s 72-hour reporting requirement to the Data Protection Board (Rule 7(2), DPDP Rules).  \n5. **No Child Data Protections for India**: The policy excludes DPDP\u2019s verifiable parental consent requirements for children (Rule 10, DPDP Rules).  \n\n## Detailed Analysis  \n### 1. **Consent and Legal Basis (Section V)**  \n- **Conflict**: DPDP requires **itemized notice** (Rule 3) and **comparable ease of withdrawal** (Rule 3(c)(i)). The policy allows withdrawal but does not explicitly ensure parity between giving and withdrawing consent.  \n- **Gap**: No mention of **Consent Managers** (Rule 4, DPDP Rules), which are mandatory for Indian users.  \n\n### 2. **Data Principal Rights (Section IX)**  \n- **Gap**: While the policy covers access, correction, and deletion, it does not address:  \n  - **Right to Nominate** (Section 14(4), DPDP Rules).  \n  - **Grievance Redressal Timeline** (Rule 13(3), DPDP Rules).  \n\n### 3. **Cross-Border Transfers (Section VIII)**  \n- **Conflict**: DPDP restricts transfers unless compliant with Central Government orders (Section 14, DPDP Rules). The policy does not reference India-specific safeguards.  \n\n### 4. **Data Retention (Section XI)**  \n- **Gap**: DPDP mandates erasure after specified periods (Rule 8, DPDP Rules). The policy states retention based on \"legitimate business purposes\" without DPDP-aligned timelines.  \n\n### 5. **Child Data (Section XII)**  \n- **Conflict**: DPDP requires **verifiable parental consent** (Rule 10) and prohibits tracking/behavioral monitoring without exceptions (Section 9). The policy does not address this for Indian users.  \n\n---\n\n# Recommendations  \n1. **Update Consent Mechanisms**:  \n   - Add DPDP-compliant notices (itemized purposes, easy withdrawal).  \n   - Integrate **Consent Manager** options for Indian users.  \n\n2. **Clarify Indian Data Principal Rights**:  \n   - Explicitly list DPDP rights (nomination, grievance redressal).  \n   - Publish response timelines for Indian users (Rule 13(3)).  \n\n3. **Align Cross-Border Transfers**:  \n   - Disclose India-specific transfer safeguards (e.g., government-approved mechanisms).  \n\n4. **Enhance Breach Protocols**:  \n   - Specify 72-hour reporting to the Indian Data Protection Board (Rule 7(2)).  \n\n5. **Add Child Data Protections**:  \n   - Implement **verifiable parental consent** for Indian children (Rule 10).  \n\n6. **Designate India-Specific Point of Contact**:  \n   - Appoint a **Data Protection Officer** for India (Rule 9, DPDP Rules).  \n\n**Priority**: Address consent and cross-border transfer gaps first, as these are high-risk areas under DPDP enforcement."
  }
}