{
  "timestamp": "2025-04-09T13:35:43.765606",
  "organization": "Unknown",
  "url": "N/A",
  "result": {
    "analysis": "# Privacy Policy Analysis (DPDP Act, 2023 Compliance)\n\n## Key Findings\n1. **Lack of India-specific data protection provisions** - The policy primarily addresses GDPR, CCPA, and other global regulations but lacks explicit references to DPDP Act requirements.\n2. **Insufficient detail on cross-border data transfers to India** - While international transfers are addressed, specific safeguards for India-bound data aren't clearly outlined.\n3. **No mention of Data Protection Officer for India operations** - DPDP Act requires certain entities to appoint a DPO.\n4. **Gaps in consent mechanisms** - The policy doesn't explicitly address India's specific consent requirements under Section 6 of the DPDP Act.\n\n## Compliance Gaps\n1. **Notice Requirements (Section 5 of DPDP Rules)**:\n   - Policy doesn't provide itemized description of personal data collected specifically for Indian users\n   - Withdrawal mechanism not specifically designed for ease comparable to consent (as required)\n\n2. **Data Principal Rights (Section 11 of DPDP Act)**:\n   - No specific process outlined for Indian users to exercise rights like correction, erasure, grievance redressal\n   - No mention of nomination rights for Indian users\n\n3. **Children's Data (Section 9 of DPDP Act)**:\n   - No specific provisions for verifiable parental consent for Indian children\n   - No age verification mechanisms described for Indian users\n\n4. **Significant Data Fiduciary Obligations (Section 10 of DPDP Act)**:\n   - No mention of Data Protection Impact Assessment for India operations\n   - No audit requirements specified for Indian data processing\n\n## Recommendations\n1. **India-specific Addendum**:\n   - Create a dedicated section addressing DPDP Act requirements\n   - Clearly outline rights and processes for Indian users\n\n2. **Consent Mechanism Enhancement**:\n   - Implement granular consent options for Indian users\n   - Ensure withdrawal is as easy as giving consent\n\n3. **Operational Changes**:\n   - Appoint an India Data Protection Officer if required\n   - Implement age verification for Indian users\n   - Establish India-specific data retention policies\n\n4. **Documentation Updates**:\n   - Add DPDP-specific breach notification procedures\n   - Include India in data transfer impact assessments\n   - Document lawful bases for processing Indian data\n\n## Detailed Analysis\n\n### I. About Our Privacy Policy\n**Findings**: Global policy lacks India-specific references\n**DPDP Section**: [General Application (Section 3)](https://datainfa.com/dpdp-act/)\n**Status**: Non-compliant for Indian operations\n**Recommendation**: Add India-specific provisions and contact details\n\n### III. Collection of Information\n**Findings**: No age verification for Indian children\n**DPDP Section**: [Children's Data (Section 9)](https://datainfa.com/dpdp-act/)\n**Status**: Non-compliant\n**Recommendation**: Implement age gates and parental consent for Indian users under 18\n\n### V. Legal Basis for Processing\n**Findings**: Legitimate interest claims may not satisfy DPDP standards\n**DPDP Section**: [Lawful Purposes (Section 4)](https://datainfa.com/dpdp-act/)\n**Status**: Potentially non-compliant\n**Recommendation**: Document specific lawful bases for Indian data processing\n\n### VIII. Cross-Border Transfer\n**Findings**: No specific safeguards for India-bound data\n**DPDP Section**: [Data Localization (Section 17)](https://datainfa.com/dpdp-act/)\n**Status**: Partially compliant\n**Recommendation**: Implement and document India-specific transfer mechanisms\n\n### IX. Your Rights\n**Findings**: No India-specific rights exercise mechanism\n**DPDP Section**: [Data Principal Rights (Section 11)](https://datainfa.com/dpdp-act/)\n**Status**: Non-compliant\n**Recommendation**: Create dedicated portal/process for Indian users\n\n### XI. Data Retention\n**Findings**: No India-specific retention periods\n**DPDP Section**: [Storage Limitation (Section 8)](https://datainfa.com/dpdp-act/)\n**Status**: Non-compliant\n**Recommendation**: Establish India-specific retention schedules\n\nKey issues requiring immediate attention:\n1. Lack of India-specific provisions throughout policy\n2. Absence of clear consent and withdrawal mechanisms for Indian users\n3. No documented processes for handling Indian user rights requests\n4. Insufficient safeguards for children's data from India\n5. Unclear compliance with potential data localization requirements\n\nThe policy needs substantial modifications to address DPDP Act requirements, particularly regarding user rights, consent mechanisms, and India-specific operations."
  }
}