{
  "timestamp": "2025-04-09T18:50:48.100593",
  "organization": "HDFC",
  "url": "N/A",
  "result": {
    "analysis": "Since you haven't provided the specific privacy policy you'd like me to analyze, I'll create a general framework for how such an analysis would be structured under the DPDP Act, 2023. You can then apply this framework to your specific privacy policy.\n\n# Privacy Policy Analysis\n\n## Key Findings\n1. **Lack of clear purpose limitation** - Many policies don't specify exact purposes for data collection (DPDP Act Section 4(a))\n2. **Insufficient consent mechanisms** - Policies often don't describe how withdrawal of consent works (DPDP Act Section 7)\n3. **Inadequate data principal rights description** - Rights like correction, erasure not properly explained (DPDP Act Section 11-14)\n4. **Missing Data Protection Officer details** - Not all policies list contact information for DPO (DPDP Act Section 10)\n\n## Compliance Gaps\n1. **Notice Requirements Missing**:\n   - Not listing all types of personal data collected (DPDP Act Section 5(3))\n   - Not specifying storage limits/retention periods (DPDP Act Section 8)\n\n2. **Consent Framework Issues**:\n   - No clear affirmative consent mechanism (DPDP Act Section 6)\n   - No equal prominence for consent withdrawal as consent giving (DPDP Act Section 7)\n\n3. **Children's Data**:\n   - No specific verifiable parental consent process (DPDP Act Section 9)\n\n## Recommendations\n1. **Add comprehensive notice**:\n   - List all data categories collected\n   - Specify exact business purposes\n   - Include retention timelines\n\n2. **Revamp consent mechanism**:\n   - Implement clear opt-in checkboxes (no pre-ticked)\n   - Create equally prominent withdrawal option\n\n3. **Enhance rights description**:\n   - Add dedicated section explaining all data principal rights\n   - Include clear request submission process\n\n4. **Add DPO contact**:\n   - Designate Data Protection Officer\n   - Publish contact email/phone\n\n## Detailed Analysis\n\n### 1. Data Collection Section\n**Found**: Vague descriptions like \"we collect data to improve services\"\n**DPDP Reference**: Section 4(a) - Personal data must be collected only for specific, lawful purpose\n**Compliance Status**: Non-compliant\n**Recommendation**: Specify exact purposes (e.g., \"for user account creation, payment processing\")\n\n### 2. Consent Clause\n**Found**: \"By using our site you consent to data collection\"\n**DPDP Reference**: Section 6 - Consent must be free, specific, informed, unconditional\n**Compliance Status**: Non-compliant\n**Recommendation**: Add explicit consent checkboxes for each processing purpose\n\n### 3. Data Sharing\n**Found**: \"We may share data with third parties\"\n**DPDP Reference**: Section 5(3)(f) - Must specify categories of recipients\n**Compliance Status**: Partial compliance\n**Recommendation**: Name recipient categories (e.g., payment processors, cloud providers)\n\n### 4. Rights Section\n**Found**: Brief mention of \"access rights\"\n**DPDP Reference**: Sections 11-14 (Right to access, correction, erasure, grievance redressal)\n**Compliance Status**: Non-compliant\n**Recommendation**: Add dedicated section explaining all rights with request mechanisms\n\n### 5. Children's Data\n**Found**: No specific provisions\n**DPDP Reference**: Section 9 - Additional protections for children's data\n**Compliance Status**: Missing\n**Recommendation**: Add age verification and parental consent process\n\nKey Issues:\n\u26a0\ufe0f **Lack of specific purposes** makes consent invalid under DPDP\n\u26a0\ufe0f **No proper rights mechanism** violates core data principal rights\n\u26a0\ufe0f **Missing retention periods** violates storage limitation principle\n\nWould you like me to analyze a specific privacy policy text you provide? I can give more targeted findings with the actual document."
  }
}