{
  "timestamp": "2025-04-09T13:39:51.802541",
  "organization": "Unknown",
  "url": "N/A",
  "result": {
    "analysis": "# Privacy Policy Analysis (DPDP Act, 2023 Compliance)\n\n## Key Findings\n1. **Lack of India-specific Data Protection Officer (DPO) designation** - No mention of a DPO for India operations as required under Section 10(2) of DPDP Act.\n2. **Insufficient notice requirements** - Policy doesn't meet the granular notice requirements under Rule 3 of DPDP Rules regarding itemized purposes and data categories.\n3. **Cross-border data transfer mechanisms** - Relies on EU SCCs but doesn't address India-specific transfer requirements under Section 17 of DPDP Act.\n4. **Gap in child data processing provisions** - No specific safeguards for processing children's data as required under Section 9 of DPDP Act.\n\n## Compliance Gaps\n\n### 1. Notice Requirements (Rule 3)\n- Current policy provides general descriptions but lacks:\n  - Itemized list of personal data categories being processed\n  - Specific linkage between data types and purposes\n  - Clear communication links for rights exercise as required\n\n### 2. Data Principal Rights (Section 12)\n- Policy describes rights but doesn't:\n  - Specify response timelines (30 days under DPDP)\n  - Provide India-specific complaint mechanism\n  - Mention right to nominate (Section 14)\n\n### 3. Significant Data Fiduciary Obligations (Section 10)\n- No evidence of:\n  - Data Protection Impact Assessment (DPIA)\n  - Periodic audits\n  - India-based data storage requirements\n\n### 4. Security Safeguards (Rule 6)\n- Policy mentions security but doesn't detail:\n  - Encryption standards\n  - Access control logs\n  - Breach response procedures as required\n\n## Recommendations\n\n1. **Appoint India DPO**:\n   - Designate a Data Protection Officer for India operations\n   - Publish contact details as required under Rule 9\n\n2. **Enhance Notice**:\n   - Create India-specific notice with itemized data/purpose mapping\n   - Add clear mechanisms for consent withdrawal and rights exercise\n\n3. **Update Cross-border Transfers**:\n   - Implement India-specific transfer mechanisms\n   - Consider local storage for sensitive data categories\n\n4. **Child Data Protections**:\n   - Implement age verification mechanisms\n   - Add parental consent workflows for under-18 users\n\n5. **Security Enhancements**:\n   - Document specific security controls per Rule 6 requirements\n   - Establish 72-hour breach notification process\n\n## Detailed Analysis\n\n### I. About Our Privacy Policy\n- **Finding**: Global policy doesn't address India-specific requirements\n- **DPDP Reference**: Section 5 (Application) and Rule 3 (Notice)\n- **Status**: Non-compliant\n- **Recommendation**: Create India addendum addressing DPDP specifics\n\n### III. Collection of Information\n- **Finding**: Lacks itemized data categories required under Rule 3(b)(i)\n- **DPDP Reference**: Rule 3 (Notice Requirements)\n- **Status**: Partially compliant\n- **Recommendation**: Add table mapping data types to specific purposes\n\n### V. Legal Basis for Processing\n- **Finding**: No mention of \"deemed consent\" categories under Section 7\n- **DPDP Reference**: Section 7 (Deemed Consent)\n- **Status**: Gap\n- **Recommendation**: Add India-specific legal bases including deemed consent\n\n### VIII. Cross-Border Transfer\n- **Finding**: Relies on EU mechanisms without India-specific safeguards\n- **DPDP Reference**: Section 17 (Transfer Outside India)\n- **Status**: Non-compliant\n- **Recommendation**: Implement India-approved transfer mechanisms\n\n### IX. Your Rights\n- **Finding**: Missing India-specific rights procedures and timelines\n- **DPDP Reference**: Section 12 (Data Principal Rights)\n- **Status**: Partially compliant\n- **Recommendation**: Add India rights workflow with 30-day response timeline\n\n### XI. Data Retention\n- **Finding**: No India-specific retention periods\n- **DPDP Reference**: Section 8 (Storage Limitation)\n- **Status**: Gap\n- **Recommendation**: Define India-specific retention schedule based on purposes\n\n### Key Immediate Actions:\n1. Designate India DPO within 30 days\n2. Publish India-specific notice addendum\n3. Implement India data transfer mechanisms\n4. Establish child data protection protocols\n\nThe policy requires substantial India-specific modifications to achieve full DPDP compliance, particularly regarding notice requirements, rights implementation, and cross-border data transfers."
  }
}