{
  "timestamp": "2025-04-09T13:49:14.038963",
  "organization": "Unknown",
  "url": "N/A",
  "result": {
    "analysis": "# Privacy Policy Analysis\n\n## Key Findings\n- The privacy policy does not explicitly mention compliance with India's Digital Personal Data Protection Act, 2023 (DPDP Act)\n- No specific reference to data principal rights under the DPDP Act (Section 11)\n- Cross-border data transfers are mentioned but without specific reference to DPDP Act requirements (Section 17)\n- No clear mention of grievance redressal mechanism as required by the DPDP Act (Section 13)\n- No specific provisions for handling children's data as required by the DPDP Act (Section 9)\n\n## Compliance Gaps\n1. **Notice Requirements**: The policy doesn't fully meet DPDP Act's requirements for clear, itemized notice about data processing purposes (Section 3)\n2. **Data Principal Rights**: No explicit mention of rights to access, correction, erasure, and grievance redressal as mandated by the DPDP Act (Section 11)\n3. **Children's Data**: While there's a mention of not knowingly collecting data from children under 13, it doesn't address the DPDP Act's specific requirements for verifiable parental consent (Section 9)\n4. **Cross-border Transfers**: The policy mentions international data transfers but doesn't address DPDP Act's requirements (Section 17)\n5. **Data Breach Notification**: No specific mention of procedures for notifying data principals and the Data Protection Board about breaches as required (Section 8)\n\n## Recommendations\n1. **Update Notice Requirements**: Include itemized descriptions of personal data collected and specific purposes of processing as required by the DPDP Act\n2. **Explicitly State Data Principal Rights**: Clearly outline rights under the DPDP Act including access, correction, erasure, and grievance redressal\n3. **Enhance Children's Data Protection**: Implement mechanisms for obtaining verifiable parental consent for processing children's data\n4. **Clarify Cross-border Data Transfers**: Explicitly state compliance with DPDP Act requirements for international data transfers\n5. **Establish Breach Notification Procedures**: Document procedures for notifying data principals and the Data Protection Board in case of breaches\n6. **Appoint Data Protection Officer**: Designate a point of contact for DPDP Act compliance queries\n\n## Detailed Analysis\n\n### 1. Introduction and Scope\n**What was found**: General statement about privacy commitment but no specific reference to DPDP Act compliance  \n**Relevant DPDP Act sections**: [Section 3](https://datainfa.com/dpdp-act/) (Notice requirements)  \n**Compliance status**: Partial  \n**Recommendations**: Add explicit statement about DPDP Act compliance and applicability to Indian users\n\n### 2. Data Collection\n**What was found**: Describes types of data collected but lacks itemized description  \n**Relevant DPDP Act sections**: [Section 3](https://datainfa.com/dpdp-act/) (Notice requirements)  \n**Compliance status**: Partial  \n**Recommendations**: Provide more detailed, itemized list of personal data collected and specific purposes\n\n### 3. Data Processing and Legal Bases\n**What was found**: Lists legal bases but doesn't align with DPDP Act's specific requirements  \n**Relevant DPDP Act sections**: [Section 4](https://datainfa.com/dpdp-act/) (Lawful purposes)  \n**Compliance status**: Needs improvement  \n**Recommendations**: Map processing activities to specific lawful bases under DPDP Act\n\n### 4. Data Transfers\n**What was found**: Mentions international transfers but doesn't address DPDP Act restrictions  \n**Relevant DPDP Act sections**: [Section 17](https://datainfa.com/dpdp-act/) (Cross-border transfers)  \n**Compliance status**: Non-compliant  \n**Recommendations**: Add provisions addressing DPDP Act requirements for international data transfers\n\n### 5. Data Subject Rights\n**What was found**: Mentions some rights but not comprehensive as per DPDP Act  \n**Relevant DPDP Act sections**: [Section 11](https://datainfa.com/dpdp-act/) (Rights of data principals)  \n**Compliance status**: Partial  \n**Recommendations**: Explicitly list all DPDP Act rights and procedures for exercising them\n\n### 6. Children's Data\n**What was found**: Basic statement about not targeting children under 13  \n**Relevant DPDP Act sections**: [Section 9](https://datainfa.com/dpdp-act/) (Children's data)  \n**Compliance status**: Non-compliant  \n**Recommendations**: Implement verifiable parental consent mechanisms and age verification\n\n### 7. Security Measures\n**What was found**: General security statements but no specific DPDP Act alignment  \n**Relevant DPDP Act sections**: [Section 8](https://datainfa.com/dpdp-act/) (Security safeguards)  \n**Compliance status**: Partial  \n**Recommendations**: Detail security measures specific to DPDP Act requirements\n\n### 8. Grievance Redressal\n**What was found**: No specific grievance mechanism mentioned  \n**Relevant DPDP Act sections**: [Section 13](https://datainfa.com/dpdp-act/) (Grievance redressal)  \n**Compliance status**: Non-compliant  \n**Recommendations**: Establish and document grievance redressal mechanism with timelines\n\nThe policy needs significant updates to fully comply with the DPDP Act, particularly regarding notice requirements, data principal rights, children's data protection, and cross-border data transfers. The organization should conduct a comprehensive gap analysis against all DPDP Act requirements and update its policies and procedures accordingly."
  }
}