{
  "timestamp": "2025-04-09T15:40:58.996349",
  "organization": "Unknown",
  "url": "N/A",
  "result": {
    "analysis": "# Privacy Policy Analysis\n\n## Key Findings\n1. **Lack of DPDP Act-specific provisions**: The policy does not explicitly reference compliance with India's DPDP Act 2023, despite processing data of Indian residents.\n2. **Cross-border data transfers**: The policy mentions transfers based on EU SCCs but doesn't address DPDP Act requirements for international data transfers ([Section 17](https://datainfa.com/dpdp-act/)).\n3. **Consent mechanism**: The policy doesn't demonstrate compliance with DPDP's specific consent requirements ([Section 6](https://datainfa.com/dpdp-act/)).\n4. **Data Principal rights**: While rights are mentioned, the policy doesn't fully align with DPDP's requirements for rights exercise procedures ([Section 12](https://datainfa.com/dpdp-act/)).\n5. **Children's data**: The policy mentions not knowingly collecting from children under 13, but doesn't address DPDP's specific requirements for verifiable parental consent ([Section 9](https://datainfa.com/dpdp-act/)).\n\n## Compliance Gaps\n1. **Notice requirements**: The policy doesn't meet DPDP's specific notice content requirements ([Section 5](https://datainfa.com/dpdp-act/)).\n2. **Data Protection Officer**: No mention of appointing a DPO as may be required under DPDP.\n3. **Data breach notification**: While security is mentioned, no specific DPDP-compliant breach notification process is outlined ([Section 8(6)](https://datainfa.com/dpdp-act/)).\n4. **Data retention**: The policy mentions retention periods but doesn't specify DPDP-compliant erasure procedures ([Section 8](https://datainfa.com/dpdp-act/)).\n5. **Significant Data Fiduciary obligations**: No provisions for potential additional requirements if classified as SDF ([Section 10](https://datainfa.com/dpdp-act/)).\n\n## Recommendations\n1. **Update notice provisions** to include all DPDP-required elements in a clear, standalone format.\n2. **Establish DPDP-compliant consent mechanisms** with easy withdrawal options.\n3. **Develop India-specific data transfer mechanisms** beyond EU SCCs.\n4. **Create detailed procedures** for Data Principal rights exercise per DPDP requirements.\n5. **Implement verifiable parental consent** processes for children's data.\n6. **Appoint a Data Protection Officer** for India operations.\n7. **Develop DPDP-compliant breach notification procedures**.\n8. **Review data retention schedules** to ensure compliance with DPDP erasure requirements.\n\n## Detailed Analysis\n\n### 1. Scope and Applicability\n**Found**: Policy applies globally with some India-specific references but doesn't address DPDP specifically.\n**Relevant DPDP Sections**: [Section 3](https://datainfa.com/dpdp-act/) (Application)\n**Compliance Status**: Partial - needs explicit DPDP coverage\n**Recommendation**: Add India-specific section addressing DPDP compliance.\n\n### 2. Data Collection\n**Found**: Describes data collection practices but lacks DPDP-required notice elements.\n**Relevant DPDP Sections**: [Section 5](https://datainfa.com/dpdp-act/) (Notice requirements)\n**Compliance Status**: Non-compliant\n**Recommendation**: Update notice to include:\n- Itemized personal data description\n- Specific purposes for processing\n- Clear consent withdrawal mechanism\n- Rights exercise procedures\n\n### 3. Legal Basis for Processing\n**Found**: Lists legal bases but doesn't align with DPDP's specific consent requirements.\n**Relevant DPDP Sections**: [Section 6](https://datainfa.com/dpdp-act/) (Consent), [Section 7](https://datainfa.com/dpdp-act/) (Legitimate uses)\n**Compliance Status**: Partial\n**Recommendation**: \n- Implement granular consent mechanisms\n- Document \"legitimate uses\" per DPDP\n- Ensure consent can be as easily withdrawn as given\n\n### 4. Data Subject Rights\n**Found**: Mentions rights but procedures aren't DPDP-compliant.\n**Relevant DPDP Sections**: [Section 12](https://datainfa.com/dpdp-act/) (Data Principal rights)\n**Compliance Status**: Non-compliant\n**Recommendation**: \n- Establish clear procedures for rights requests\n- Specify response timelines (30 days under DPDP)\n- Provide nomination mechanism\n\n### 5. International Transfers\n**Found**: Relies on EU SCCs without addressing DPDP requirements.\n**Relevant DPDP Sections**: [Section 17](https://datainfa.com/dpdp-act/) (Transfer outside India)\n**Compliance Status**: Non-compliant\n**Recommendation**: \n- Assess need for India-specific transfer mechanisms\n- Monitor for Central Government notifications on permitted countries\n\n### 6. Children's Data\n**Found**: Mentions not targeting children under 13 but lacks DPDP-specific protections.\n**Relevant DPDP Sections**: [Section 9](https://datainfa.com/dpdp-act/) (Processing personal data of children)\n**Compliance Status**: Non-compliant\n**Recommendation**: \n- Implement verifiable parental consent mechanisms\n- Avoid tracking/monitoring children without exemption\n- Establish age verification processes\n\n### 7. Security Measures\n**Found**: Mentions safeguards but lacks DPDP-specific requirements.\n**Relevant DPDP Sections**: [Section 8](https://datainfa.com/dpdp-act/) (Security safeguards), [Section 8(6)](https://datainfa.com/dpdp-act/) (Personal data breach)\n**Compliance Status**: Partial\n**Recommendation**: \n- Document security measures per DPDP standards\n- Establish breach notification procedures (to Board and affected individuals)\n- Maintain breach logs for 1 year\n\n### 8. Data Retention\n**Found**: Mentions retention periods but lacks DPDP-specific erasure procedures.\n**Relevant DPDP Sections**: [Section 8](https://datainfa.com/dpdp-act/) (Storage limitation)\n**Compliance Status**: Partial\n**Recommendation**: \n- Document retention schedules aligned with purposes\n- Implement erasure procedures\n- Establish notification for impending erasure (48 hours notice)\n\n### 9. Grievance Redressal\n**Found**: Provides contact methods but no structured grievance mechanism.\n**Relevant DPDP Sections**: [Section 13](https://datainfa.com/dpdp-act/) (Grievance redressal)\n**Compliance Status**: Non-compliant\n**Recommendation**: \n- Establish formal grievance redressal system\n- Publish response timelines\n- Implement tracking for complaints\n\n### 10. Significant Data Fiduciary\n**Found**: No consideration of potential SDF classification.\n**Relevant DPDP Sections**: [Section 10](https://datainfa.com/dpdp-act/) (Significant Data Fiduciary)\n**Compliance Status**: Unknown\n**Recommendation**: \n- Assess whether classified as SDF based on volume/sensitivity\n- Prepare for potential additional requirements:\n  - Data Protection Officer\n  - Data Protection Impact Assessments\n  - Audits\n  - Additional record-keeping"
  }
}