{
  "timestamp": "2025-04-09T15:33:04.599879",
  "organization": "Unknown",
  "url": "N/A",
  "result": {
    "analysis": "# Privacy Policy Analysis: Informatica vs. DPDP Act, 2023 (India)\n\n## Key Findings\n1. **Lack of India-specific Data Protection Officer (DPO) designation** - No explicit mention of a DPO for India operations as required under [Section 8(2) of DPDP Act](https://datainfa.com/dpdp-act/)\n2. **Insufficient notice requirements** - Policy doesn't meet granular notice requirements under [Rule 3 of DPDP Rules](https://datainfa.com/dpdp-act/) regarding itemized purposes and data categories\n3. **Cross-border transfer mechanisms** - Relies on EU SCCs but doesn't address India-specific transfer requirements under [Section 16 of DPDP Act](https://datainfa.com/dpdp-act/)\n4. **Children's data processing** - No specific provisions for verifying parental consent as required by [Section 9 of DPDP Act](https://datainfa.com/dpdp-act/) and Rule 10\n5. **Data retention period ambiguity** - Lacks specific retention timelines aligned with [Rule 8 of DPDP Rules](https://datainfa.com/dpdp-act/)\n\n## Compliance Gaps\n1. **Notice Requirements Gap**:\n   - Missing itemized list of personal data categories and specific purposes as per [Rule 3(b)](https://datainfa.com/dpdp-act/)\n   - Withdrawal mechanism not as easily accessible as consent mechanism (violates Rule 3(c)(i))\n\n2. **Data Principal Rights Gap**:\n   - No mention of right to nominate a representative under [Section 14 of DPDP Act](https://datainfa.com/dpdp-act/)\n   - Grievance redressal timelines not specified as required by [Rule 13(3)](https://datainfa.com/dpdp-act/)\n\n3. **Security Safeguards Gap**:\n   - Technical measures like encryption/masking not explicitly mentioned as required by [Rule 6(a)](https://datainfa.com/dpdp-act/)\n   - No reference to 1-year log retention requirement under [Rule 6(e)](https://datainfa.com/dpdp-act/)\n\n4. **Breach Notification Gap**:\n   - No specific mention of 72-hour reporting timeline to Indian authorities as per [Rule 7(2)](https://datainfa.com/dpdp-act/)\n\n## Recommendations\n1. **Structural Changes**:\n   - Appoint an India Data Protection Officer and publish contact details per [Section 8(2)](https://datainfa.com/dpdp-act/)\n   - Create India-specific addendum addressing all DPDP requirements\n\n2. **Notice Enhancements**:\n   - Add itemized list of data categories and processing purposes per [Rule 3](https://datainfa.com/dpdp-act/)\n   - Make withdrawal mechanism equally accessible as consent mechanism\n\n3. **Operational Changes**:\n   - Implement parental consent verification for children's data per [Rule 10](https://datainfa.com/dpdp-act/)\n   - Establish 72-hour breach reporting protocol for Indian incidents\n   - Define specific retention periods aligned with [Rule 8](https://datainfa.com/dpdp-act/)\n\n4. **Technical Measures**:\n   - Implement encryption/tokenization for sensitive data per [Rule 6(a)](https://datainfa.com/dpdp-act/)\n   - Ensure 1-year log retention for security monitoring\n\n## Detailed Analysis\n\n### I. About Our Privacy Policy\n**Findings**: Global policy lacks India-specific references\n**DPDP Section**: [Section 5 (Notice Requirements)](https://datainfa.com/dpdp-act/)\n**Status**: Non-compliant\n**Recommendation**: Add India-specific section referencing DPDP Act\n\n### III. Collection of Information\n**Findings**: \n- Precise location collection without India-specific justification\n- No special provisions for children's data\n**DPDP Section**: [Section 9 (Children's Data)](https://datainfa.com/dpdp-act/)\n**Status**: Partial compliance\n**Recommendation**: \n- Add age verification for children's data\n- Limit location data collection to necessary purposes\n\n### V. Legal Basis for Processing\n**Findings**: Legitimate interest claims may not satisfy DPDP's stricter consent requirements\n**DPDP Section**: [Section 7 (Lawful Purposes)](https://datainfa.com/dpdp-act/)\n**Status**: Risk of non-compliance\n**Recommendation**: Reassess legal bases for India operations\n\n### VIII. Cross-Border Transfer\n**Findings**: Relies on EU mechanisms without India-specific safeguards\n**DPDP Section**: [Section 16 (Cross-Border Transfers)](https://datainfa.com/dpdp-act/)\n**Status**: Non-compliant\n**Recommendation**: Implement India-specific transfer mechanisms\n\n### IX. Your Rights\n**Findings**: Missing nomination right and specific response timelines\n**DPDP Section**: [Section 14 (Nomination Right)](https://datainfa.com/dpdp-act/)\n**Status**: Partial compliance\n**Recommendation**: Add nomination mechanism and publish response timelines\n\n### XI. Data Retention\n**Findings**: No specific retention periods aligned with DPDP Rules\n**DPDP Rule**: [Rule 8 (Retention Periods)](https://datainfa.com/dpdp-act/)\n**Status**: Non-compliant\n**Recommendation**: Define India-specific retention schedule\n\n### XII. Choices and Controls\n**Findings**: Withdrawal process not as easy as consent mechanism\n**DPDP Rule**: [Rule 3(c)(i)](https://datainfa.com/dpdp-act/)\n**Status**: Non-compliant\n**Recommendation**: Simplify withdrawal to match consent ease\n\n**Key Action Items**: \n1. Create India-specific privacy policy addendum\n2. Appoint India DPO within 30 days\n3. Implement parental consent verification within 60 days\n4. Develop DPDP-compliant breach response protocol\n5. Conduct DPDP gap assessment for all India operations"
  }
}