{
  "timestamp": "2025-04-09T18:02:24.912311",
  "organization": "Unknown",
  "url": "N/A",
  "result": {
    "analysis": "# Privacy Policy Analysis\n\n## Key Findings\n- The privacy policy lacks specific details about data collection purposes as required under [Section 3 of the DPDP Rules](https://datainfa.com/dpdp-act/)\n- No mention of data retention periods or erasure procedures as mandated by [Section 8 of the DPDP Rules](https://datainfa.com/dpdp-act/)\n- Absence of information about data subject rights (access, correction, erasure) required by [Section 13 of the DPDP Rules](https://datainfa.com/dpdp-act/)\n- No contact details for a Data Protection Officer or equivalent as required by [Section 9 of the DPDP Rules](https://datainfa.com/dpdp-act/)\n\n## Compliance Gaps\n1. **Inadequate Notice Requirements**: Missing itemized description of personal data collected and specific purposes of processing ([Section 3(b) of DPDP Rules](https://datainfa.com/dpdp-act/))\n2. **No Consent Mechanism**: Policy doesn't describe how consent is obtained or how it can be withdrawn ([Section 3(c)(i) of DPDP Rules](https://datainfa.com/dpdp-act/))\n3. **Missing Security Safeguards**: No information about technical and organizational security measures ([Section 6 of DPDP Rules](https://datainfa.com/dpdp-act/))\n4. **No Breach Notification Process**: Absence of information about how data breaches would be handled ([Section 7 of DPDP Rules](https://datainfa.com/dpdp-act/))\n\n## Recommendations\n1. Expand the notice to include all elements required by [Section 3 of DPDP Rules](https://datainfa.com/dpdp-act/), including specific purposes and data types\n2. Implement and document a consent mechanism that allows for easy withdrawal\n3. Publish security measures and data retention policies\n4. Designate and publish contact information for a Data Protection Officer\n5. Create procedures for handling data subject requests and breach notifications\n\n## Detailed Analysis\n\n### Data Collection Section\n**What was found**: Policy states personal data may be collected but doesn't specify types or purposes  \n**Relevant DPDP Act sections**: [Section 3(b)](https://datainfa.com/dpdp-act/) requires itemized description of personal data and purposes  \n**Compliance status**: Non-compliant  \n**Recommendations**: Add detailed list of data types collected and specific purposes for each  \n\n### Data Sharing Section\n**What was found**: Mentions disclosure to third parties only when required by law  \n**Relevant DPDP Act sections**: [Section 3(b)(ii)](https://datainfa.com/dpdp-act/) requires description of goods/services enabled by processing  \n**Compliance status**: Partially compliant  \n**Recommendations**: Disclose all categories of third parties and purposes for sharing  \n\n### Missing Elements\n**What was found**: No information about data subject rights, security measures, or retention periods  \n**Relevant DPDP Act sections**: [Sections 6, 8, 9, and 13](https://datainfa.com/dpdp-act/)  \n**Compliance status**: Non-compliant  \n**Recommendations**: Add comprehensive sections covering all required elements  \n\n### Contact Information\n**What was found**: No designated contact for privacy inquiries  \n**Relevant DPDP Act sections**: [Section 9](https://datainfa.com/dpdp-act/) requires publication of contact details  \n**Compliance status**: Non-compliant  \n**Recommendations**: Designate and publish contact information for privacy inquiries  \n\nThe policy requires significant expansion to meet all DPDP Act requirements, particularly regarding transparency, consent mechanisms, and data subject rights."
  }
}